<shortcuts>
	<shortcut>
		<defaultID />
		<label>Tnt</label>
		<label2>Extensions Vidéo</label2>
		<icon>DefaultShortcut.png</icon>
		<thumb>image://resource%3a%2f%2fresource.images.catchuptvandmore%2fchannels%2ffr.png/</thumb>
		<action>ActivateWindow(Videos,"plugin://plugin.video.catchuptvandmore/resources/lib/main/tv_guide_menu/?_pickle_=80049538000000000000007d94288c075f7469746c655f948c064672616e6365948c08786d6c74765f6964944e8c076974656d5f6964948c0766725f6c69766594752e",return)</action>
		</shortcut>
	<shortcut>
		<defaultID />
		<label>Chaines TV Sports</label>
		<label2>Extensions Vidéo</label2>
		<icon>DefaultShortcut.png</icon>
		<thumb>image://special%3a%2f%2fhome%2faddons%2fplugin.video.vstream%2fresources%2fart%2fsport.png/</thumb>
		<action>ActivateWindow(Videos,"plugin://plugin.video.vstream/?site=leet365&amp;function=showTV&amp;title=Chaines+TV+Sports&amp;siteUrl=sport&amp;sFav=showTV",return)</action>
		</shortcut>
	<shortcut>
		<defaultID />
		<label>Chaines TV Ciné</label>
		<label2>Extensions Vidéo</label2>
		<icon>DefaultShortcut.png</icon>
		<thumb>image://special%3a%2f%2fhome%2faddons%2fplugin.video.vstream%2fresources%2fart%2ftv.png/</thumb>
		<action>ActivateWindow(Videos,"plugin://plugin.video.vstream/?site=leet365&amp;function=showTV&amp;title=Chaines+TV+Cin%C3%A9&amp;siteUrl=cinema&amp;sFav=showTV",return)</action>
		</shortcut>
	<shortcut>
		<defaultID />
		<label>Ligue 1</label>
		<label2>Extensions Vidéo</label2>
		<icon>DefaultShortcut.png</icon>
		<thumb>image://special%3a%2f%2fhome%2faddons%2fplugin.video.vstream%2fresources%2fart%2fsport.png/</thumb>
		<action>ActivateWindow(Videos,"plugin://plugin.video.vstream/?site=leet365&amp;function=showMovies&amp;title=Ligue+1&amp;siteUrl=genre%3DLigue+1&amp;sMovieTitle=Ligue+1&amp;sDesc=Ligue+1&amp;movieUrl=genre%3DLigue%2B1&amp;movieFunc=showMovies&amp;sFav=showMovies&amp;sCat=5",return)</action>
		</shortcut>
	<shortcut>
		<defaultID />
		<label>Sports En direct</label>
		<label2>Extensions Vidéo</label2>
		<icon>DefaultShortcut.png</icon>
		<thumb>image://special%3a%2f%2fhome%2faddons%2fplugin.video.vstream%2fresources%2fart%2freplay.png/</thumb>
		<action>ActivateWindow(Videos,"plugin://plugin.video.vstream/?site=leet365&amp;function=showMovies&amp;title=Sports+&amp;siteUrl=%2F&amp;sFav=showMovies",return)</action>
		</shortcut>
	</shortcuts>
