<?xml version='1.0' encoding='UTF-8'?>
<shortcuts>
	<shortcut>
		<defaultID>plugin.video.live.streamspro</defaultID>
		<label>Accueil</label>
		<label2>Elément personnalisé</label2>
		<icon>DefaultShortcut.png</icon>
		<thumb>special://home/addons/resource.images.skinicons.boss/resources/addons.png</thumb>
		<action>noop</action>
	</shortcut>
	<shortcut>
		<defaultID>plugin.video.catchuptvandmore</defaultID>
		<label>Télévision</label>
		<label2>Elément personnalisé</label2>
		<icon>DefaultShortcut.png</icon>
		<thumb>special://skin/extras/icons/lazytv.png</thumb>
		<action>noop</action>
	</shortcut>
	<shortcut>
		<defaultID />
		<label>Films</label>
		<label2>Elément personnalisé</label2>
		<icon>DefaultShortcut.png</icon>
		<thumb>special://home/addons/resource.images.skinicons.boss/resources/vod.png</thumb>
		<action>noop</action>
	</shortcut>
	<shortcut>
		<defaultID />
		<label>Séries</label>
		<label2>Elément personnalisé</label2>
		<icon>DefaultShortcut.png</icon>
		<thumb>special://home/addons/resource.images.skinicons.boss/resources/tvshows.png</thumb>
		<action>noop</action>
	</shortcut>
	<shortcut>
		<defaultID />
		<label>PasteBin Contributeurs</label>
		<label2>Elément personnalisé</label2>
		<icon>DefaultShortcut.png</icon>
		<thumb>image://special%3a%2f%2fhome%2faddons%2fplugin.video.vstream%2fresources%2fart%2fsites%2fpastebin.png/</thumb>
		<action>noop</action>
	</shortcut>
	<shortcut>
		<defaultID />
		<label>Concerts /Spectacles / Docs</label>
		<label2>Elément personnalisé</label2>
		<icon>DefaultShortcut.png</icon>
		<thumb>image://C%3a%5cUsers%5calain%5cAppData%5cRoaming%5cKodi%5caddons%5cplugin.video.vstream%5cicon.png/</thumb>
		<action>noop</action>
	</shortcut>
	<shortcut>
		<defaultID />
		<label>Dessins Animés</label>
		<label2>Elément personnalisé</label2>
		<icon>DefaultShortcut.png</icon>
		<thumb>image://C%3a%5cUsers%5calain%5cAppData%5cRoaming%5cKodi%5caddons%5cplugin.video.vstream%5cicon.png/</thumb>
		<action>noop</action>
	</shortcut>
	<shortcut>
		<defaultID>settings</defaultID>
		<label>10004</label>
		<label2>Elément personnalisé</label2>
		<icon>special://skin/extras/icons/settings.png</icon>
		<thumb />
		<action>noop</action>
	</shortcut>
	<shortcut>
		<defaultID>13012</defaultID>
		<label>13012</label>
		<label2 />
		<icon>common/exit1.png</icon>
		<thumb>special://home/addons/resource.images.skinicons.boss/resources/power.png</thumb>
		<action>Quit</action>
	</shortcut>
</shortcuts>
