<shortcuts>
	<shortcut>
		<label>31050</label>
		<label2>Movies</label2>
		<defaultID>135</defaultID>
		<icon>$INFO[Window(Home).Property(SkinHelper.AllMoviesBackground)]</icon>
		<thumb />
		<action>ActivateWindow(10025,videodb://movies/titles/,return)</action>
	</shortcut>
	<shortcut>
		<label>31127</label>
		<label2>Movies</label2>
		<defaultID>135</defaultID>
		<icon>$INFO[Window(Home).Property(SkinHelper.RecentMoviesBackground)]</icon>
		<thumb />
		<action>ActivateWindow(10025,plugin://script.skin.helper.widgets/?action=recent&amp;mediatype=movies&amp;limit=250,return)</action>
	</shortcut>
	<shortcut>
		<label>135</label>
		<label2>Movies</label2>
		<defaultID>135</defaultID>
		<icon>$INFO[Window(Home).Property(SkinHelper.AllMoviesBackground)]</icon>
		<thumb />
		<action>ActivateWindow(10025,videodb://movies/genres/,return)</action>
	</shortcut>
	<shortcut>
		<label>31035</label>
		<label2>Movies</label2>
		<defaultID>135</defaultID>
		<icon>$INFO[Window(Home).Property(SkinHelper.InProgressMoviesBackground)]</icon>
		<thumb />
		<action>ActivateWindow(10025,plugin://script.skin.helper.widgets/?action=inprogress&amp;mediatype=movies&amp;limit=250,return)</action>
	</shortcut>
	<shortcut>
		<label>16101</label>
		<label2>Movies</label2>
		<defaultID>135</defaultID>
		<icon>$INFO[Window(Home).Property(SkinHelper.UnwatchedMoviesBackground)]</icon>
		<thumb />
		<action>ActivateWindow(10025,plugin://script.skin.helper.widgets/?action=unwatched&amp;mediatype=movies&amp;limit=2500,return)</action>
	</shortcut>
</shortcuts>
