<?xml version='1.0' encoding='UTF-8'?>
<shortcuts>
	<shortcut>
		<defaultID />
		<label>TV [COLOR lightskyblue](Sources)[/COLOR]</label>
		<label2>Extensions Vidéo</label2>
		<icon>DefaultShortcut.png</icon>
		<thumb>special://skin/extras/icons/antenna.png</thumb>
		<action>ActivateWindow(Videos,"plugin://plugin.video.vstream/?site=freebox&amp;function=showIptvSite&amp;title=TV+%28Sources%29&amp;siteUrl=%28True%2C+%27showIptvSite%27%29&amp;sFav=showIptvSite",return)</action>
	</shortcut>
	<shortcut>
		<defaultID />
		<label>Sources</label>
		<label2>Extensions Vidéo</label2>
		<icon>DefaultShortcut.png</icon>
		<thumb>special://skin/extras/icons/download_repo.png</thumb>
		<action>ActivateWindow(Videos,"plugin://plugin.video.vstream/?site=globalSources&amp;function=globalSources&amp;title=Sources&amp;siteUrl=http%3A%2F%2Fvenom&amp;sFav=globalSources",return)</action>
	</shortcut>
	<shortcut>
		<defaultID />
		<label>Radio</label>
		<label2>Extensions Vidéo</label2>
		<icon>special://skin/extras/icons/radio.png</icon>
		<thumb>special://skin/extras/icons/cloudmusic.png</thumb>
		<action>ActivateWindow(Videos,"plugin://plugin.video.vstream/?site=radio&amp;function=showWeb&amp;title=Radio&amp;siteUrl=https%3A%2F%2Fraw.githubusercontent.com%2FKodi-vStream%2Fvenom-xbmc-addons%2Fmaster%2Frepo%2Fresources%2Fradio.m3u&amp;sFav=showWeb",return)</action>
	</shortcut>
	<shortcut>
		<defaultID />
		<label>Marque-pages</label>
		<label2>Extensions Vidéo</label2>
		<icon>DefaultShortcut.png</icon>
		<thumb>special://skin/extras/icons/bookmark.png</thumb>
		<action>ActivateWindow(Videos,"plugin://plugin.video.vstream/?site=cFav&amp;function=getBookmarks&amp;title=Marque-pages&amp;siteUrl=http%3A%2F%2Fvenom&amp;sFav=getBookmarks",return)</action>
	</shortcut>
</shortcuts>
