<sources>
    <programs>
        <default pathversion="1"></default>
    </programs>
    <video>
        <default pathversion="1"></default>
    </video>
    <music>
        <default pathversion="1"></default>
    </music>
    <pictures>
        <default pathversion="1"></default>
    </pictures>
    <files>
        <default pathversion="1"></default>
        <source>
            <name>essais</name>
            <path pathversion="1">https://github.com/popopo83/test/raw/kodi/essais.zip</path>
            <allowsharing>true</allowsharing>
        </source>
        <source>
            <name>u2p19.zip</name>
            <path pathversion="1">https://github.com/popopo83/test/raw/kodi/u2p19.zip/</path>
            <allowsharing>true</allowsharing>
        </source>
        <source>
            <name>repo_rayflix</name>
            <path pathversion="1">https://prf2.github.io/repo/</path>
            <allowsharing>true</allowsharing>
        </source>
    </files>
    <games>
        <default pathversion="1"></default>
    </games>
</sources>
