<shortcuts>
	<shortcut>
		<defaultID />
		<label>Index Spectacles Concerts Docs</label>
		<label2>Extensions Vidéo</label2>
		<icon>DefaultShortcut.png</icon>
		<thumb>special://skin/extras/icons/playlist.png</thumb>
		<action>ActivateWindow(Videos,"plugin://plugin.video.vstream/?site=pastebin&amp;function=showMenu&amp;title=Index+Spectacles+Concerts+Docs&amp;pasteID=46",return)</action>
		</shortcut>
	<shortcut>
		<defaultID />
		<label>Menu Concerts</label>
		<label2>Extensions Vidéo</label2>
		<icon>DefaultShortcut.png</icon>
		<thumb>special://skin/extras/icons/playlist.png</thumb>
		<action>ActivateWindow(Videos,"plugin://plugin.video.vstream/?site=pastebin&amp;function=showMenu&amp;title=Concert&amp;pasteID=36",return)</action>
		</shortcut>
	<shortcut>
		<defaultID />
		<label>Menu Humoristes</label>
		<label2>Extensions Vidéo</label2>
		<icon>DefaultShortcut.png</icon>
		<thumb>special://skin/extras/icons/playlist.png</thumb>
		<action>ActivateWindow(Videos,"plugin://plugin.video.vstream/?site=pastebin&amp;function=showMenu&amp;title=Humoriste&amp;pasteID=37",return)</action>
		</shortcut>
	<shortcut>
		<defaultID />
		<label>Menu Spectacles</label>
		<label2>Extensions Vidéo</label2>
		<icon>DefaultShortcut.png</icon>
		<thumb>special://skin/extras/icons/playlist.png</thumb>
		<action>ActivateWindow(Videos,"plugin://plugin.video.vstream/?site=pastebin&amp;function=showMenu&amp;title=Spectacle&amp;pasteID=38",return)</action>
		</shortcut>
	<shortcut>
		<defaultID />
		<label>Menu Docs Films</label>
		<label2>Extensions Vidéo</label2>
		<icon>DefaultShortcut.png</icon>
		<thumb>special://skin/extras/icons/playlist.png</thumb>
		<action>ActivateWindow(Videos,"plugin://plugin.video.vstream/?site=pastebin&amp;function=showMenu&amp;title=Docs+Films&amp;pasteID=33",return)</action>
		</shortcut>
	<shortcut>
		<defaultID />
		<label>Menu Docs Séries</label>
		<label2>Extensions Vidéo</label2>
		<icon>DefaultShortcut.png</icon>
		<thumb>special://skin/extras/icons/playlist.png</thumb>
		<action>ActivateWindow(Videos,"plugin://plugin.video.vstream/?site=pastebin&amp;function=showMenu&amp;title=Docs+Series&amp;pasteID=34",return)</action>
		</shortcut>
	</shortcuts>
