<shortcuts>
	<shortcut>
		<defaultID />
		<label>Filtres</label>
		<label2>Elément personnalisé</label2>
		<icon>DefaultShortcut.png</icon>
		<thumb>special://skin/extras/icons/kodi.png</thumb>
		<action>ActivateWindow(Videos,"plugin://plugin.video.sendtokodiU2P/?action=filtres&amp;typM=movie",return)</action>
		</shortcut>
	<shortcut>
		<defaultID>31827</defaultID>
		<label>TV Docs</label>
		<label2>Elément personnalisé</label2>
		<icon>special://skin/extras/icons/tv.png</icon>
		<thumb>special://skin/extras/icons/cinemavision.png</thumb>
		<action>ActivateWindow(3910,return)</action>
		</shortcut>
	<shortcut>
		<defaultID>31803</defaultID>
		<label>Par Thèmes</label>
		<label2>Elément personnalisé</label2>
		<icon>special://skin/extras/icons/film.png</icon>
		<thumb>special://skin/extras/icons/genres.png</thumb>
		<action>ActivateWindow(3920,return)</action>
		</shortcut>
	</shortcuts>
