<shortcuts>
	<shortcut>
		<defaultID />
		<label>Populaire</label>
		<label2>Extensions Vidéo</label2>
		<icon>DefaultShortcut.png</icon>
		<thumb>thumb</thumb>
		<action>ActivateWindow(Videos,"plugin://plugin.video.themoviedb.helper/?info=popular&amp;tmdb_type=movie&amp;widget=true",return)</action>
		</shortcut>
	<shortcut>
		<defaultID />
		<label>Les mieux notés</label>
		<label2>Extensions Vidéo</label2>
		<icon>DefaultShortcut.png</icon>
		<thumb>thumb</thumb>
		<action>ActivateWindow(Videos,"plugin://plugin.video.themoviedb.helper/?info=top_rated&amp;tmdb_type=movie&amp;widget=true",return)</action>
		</shortcut>
	<shortcut>
		<defaultID />
		<label>Tendances du jour</label>
		<label2>Extensions Vidéo</label2>
		<icon>DefaultShortcut.png</icon>
		<thumb>thumb</thumb>
		<action>ActivateWindow(Videos,"plugin://plugin.video.themoviedb.helper/?info=trending_day&amp;tmdb_type=movie&amp;widget=true",return)</action>
		</shortcut>
	<shortcut>
		<defaultID />
		<label>Tendances de la semaine</label>
		<label2>Extensions Vidéo</label2>
		<icon>DefaultShortcut.png</icon>
		<thumb>thumb</thumb>
		<action>ActivateWindow(Videos,"plugin://plugin.video.themoviedb.helper/?info=trending_week&amp;tmdb_type=movie&amp;widget=true",return)</action>
		</shortcut>
	</shortcuts>
