<shortcuts>
	<shortcut>
		<defaultID />
		<label>Filtres</label>
		<label2>Elément personnalisé</label2>
		<icon>DefaultShortcut.png</icon>
		<thumb>special://skin/extras/icons/kodi.png</thumb>
		<action>ActivateWindow(Videos,"plugin://plugin.video.sendtokodiU2P/?action=filtres&amp;typM=tvshow",return)</action>
		</shortcut>
	<shortcut>
		<defaultID>31907</defaultID>
		<label>Diffuseurs</label>
		<label2>Elément personnalisé</label2>
		<icon>special://skin/extras/icons/clipboard.png</icon>
		<thumb>special://skin/extras/icons/award.png</thumb>
		<action>ActivateWindow(1106,return)</action>
		</shortcut>
	<shortcut>
		<defaultID>31891</defaultID>
		<label>Séries par Thèmes</label>
		<label2>Elément personnalisé</label2>
		<icon>special://skin/extras/icons/tv.png</icon>
		<thumb />
		<action>ActivateWindow(2118,return)</action>
		</shortcut>
	</shortcuts>
