<shortcuts>
	<shortcut>
		<defaultID />
		<label>Recherche</label>
		<label2>Extensions Vidéo</label2>
		<icon>DefaultShortcut.png</icon>
		<thumb>special://skin/extras/icons/tv-search.png</thumb>
		<action>ActivateWindow(Videos,"plugin://plugin.video.vstream/?site=cHome&amp;function=showSearchText&amp;title=Recherche&amp;siteUrl=http%3A%2F%2Fvenom&amp;sFav=showSearchText",return)</action>
		</shortcut>
	<shortcut>
		<defaultID />
		<label>Recherche visuelle</label>
		<label2>Extensions Vidéo</label2>
		<icon>DefaultShortcut.png</icon>
		<thumb>special://skin/extras/icons/tv-search.png</thumb>
		<action>ActivateWindow(Videos,"plugin://plugin.video.vstream/?site=themoviedb_org&amp;function=load&amp;title=Recherche+visuelle&amp;siteUrl=http%3A%2F%2Fvenom&amp;sFav=load",return)</action>
		</shortcut>
	<shortcut>
		<defaultID>plugin.video.vstream</defaultID>
		<label>vStream</label>
		<label2>Extensions Vidéo</label2>
		<icon>DefaultShortcut.png</icon>
		<thumb>special://skin/extras/icons/bookmarks.png</thumb>
		<action>ActivateWindow(Videos,"plugin://plugin.video.vstream",return)</action>
		</shortcut>
	<shortcut>
		<defaultID />
		<label>Pastebin</label>
		<label2>Extensions Vidéo</label2>
		<icon>DefaultShortcut.png</icon>
		<thumb>special://skin/extras/icons/award.png</thumb>
		<action>ActivateWindow(Videos,"plugin://plugin.video.vstream/?site=pastebin&amp;function=showMenuFolder&amp;title=G%C3%A9rer+les+codes&amp;sFav=showMenuFolder",return)</action>
		</shortcut>
	<shortcut>
		<defaultID />
		<label>Films</label>
		<label2>Extensions Vidéo</label2>
		<icon>DefaultShortcut.png</icon>
		<thumb>special://skin/extras/icons/videoplay.png</thumb>
		<action>ActivateWindow(Videos,"plugin://plugin.video.vstream/?site=pastebin&amp;function=showMenu&amp;title=1+Films+&amp;pasteID=1",return)</action>
		</shortcut>
	<shortcut>
		<defaultID />
		<label>Séries</label>
		<label2>Extensions Vidéo</label2>
		<icon>DefaultShortcut.png</icon>
		<thumb>special://skin/extras/icons/livetv.png</thumb>
		<action>ActivateWindow(Videos,"plugin://plugin.video.vstream/?site=pastebin&amp;function=showMenu&amp;title=4+Series+&amp;pasteID=19",return)</action>
		</shortcut>
	<shortcut>
		<defaultID />
		<label>Dessins Animés</label>
		<label2>Extensions Vidéo</label2>
		<icon>DefaultShortcut.png</icon>
		<thumb>special://skin/extras/icons/babygirl.png</thumb>
		<action>ActivateWindow(Videos,"plugin://plugin.video.vstream/?site=pastebin&amp;function=showMenu&amp;title=5+Dessin+Anim%C3%A9s+&amp;pasteID=29",return)</action>
		</shortcut>
	<shortcut>
		<defaultID />
		<label>Docs Spectacles Zik </label>
		<label2>Extensions Vidéo</label2>
		<icon>DefaultShortcut.png</icon>
		<thumb>special://skin/extras/icons/audiogenre.png</thumb>
		<action>ActivateWindow(Videos,"plugin://plugin.video.vstream/?site=pastebin&amp;function=showMenu&amp;title=7+Docs+Spectacle+Zik+&amp;pasteID=47",return)</action>
		</shortcut>
	</shortcuts>
