<shortcuts>
	<shortcut>
		<defaultID />
		<label>Skin AuraMod</label>
		<label2>Elément personnalisé</label2>
		<icon>DefaultShortcut.png</icon>
		<thumb>special://skin/extras/icons/download.png</thumb>
		<action>RunScript(special://home/userdata/addon_data/Scripts/auramod.py)</action>
		</shortcut>
	<shortcut>
		<defaultID />
		<label>Skin AuraMod 2</label>
		<label2>Elément personnalisé</label2>
		<icon>DefaultShortcut.png</icon>
		<thumb>special://skin/extras/icons/download.png</thumb>
		<action>RunScript(special://home/userdata/addon_data/Scripts/auramod2.py)</action>
		</shortcut>
	</shortcuts>
