<shortcuts>
	<shortcut>
		<defaultID />
		<label>Skin Perso 1</label>
		<label2>Elément personnalisé</label2>
		<icon>DefaultShortcut.png</icon>
		<thumb>special://skin/extras/icons/download.png</thumb>
		<action>RunScript(special://home/userdata/addon_data/Scripts/skin_restor1.py)</action>
	</shortcut>
	<shortcut>
		<defaultID />
		<label>Skin Perso 2</label>
		<label2>Elément personnalisé</label2>
		<icon>DefaultShortcut.png</icon>
		<thumb>special://skin/extras/icons/download.png</thumb>
		<action>RunScript(special://home/userdata/addon_data/Scripts/skin_restor2.py)</action>
	</shortcut>
	<shortcut>
		<defaultID />
		<label>Skin Perso 3</label>
		<label2>Elément personnalisé</label2>
		<icon>DefaultShortcut.png</icon>
		<thumb>special://skin/extras/icons/download.png</thumb>
		<action>RunScript(special://home/userdata/addon_data/Scripts/skin_restor3.py)</action>
	</shortcut>
</shortcuts>
