<shortcuts>
	<shortcut>
		<defaultID />
		<label>Nouveautés séries[CR]Trier par: Rang</label>
		<label2>Extensions Vidéo</label2>
		<icon>DefaultShortcut.png</icon>
		<thumb>thumb</thumb>
		<action>ActivateWindow(Videos,"plugin://plugin.video.themoviedb.helper/?list_name=Nouveaut%C3%A9s+s%C3%A9ries&amp;list_slug=nouveautes-series&amp;user_slug=emi19642&amp;plugin_category=Nouveaut%C3%A9s+s%C3%A9ries&amp;widget=true&amp;tmdb_id=None&amp;info=trakt_userlist&amp;sort_by=rank&amp;sort_how=asc",return)</action>
		</shortcut>
	<shortcut>
		<defaultID />
		<label>Your In-Progress Séries TV[CR]Sort by: Rank</label>
		<label2>Extensions Vidéo</label2>
		<icon>DefaultShortcut.png</icon>
		<thumb>image://D%3a%5cessais%202%20kodi%20auramod%5cKodi%5cportable_data%5caddons%5cplugin.video.themoviedb.helper%5c%2fresources%2fposter.png/</thumb>
		<action>ActivateWindow(Videos,"plugin://plugin.video.themoviedb.helper/?tmdb_type=tv&amp;list_name=Your+In-Progress+S%C3%A9ries+TV&amp;info=trakt_inprogress&amp;sort_by=rank&amp;sort_how=asc&amp;widget=true",return)</action>
		</shortcut>
	<shortcut>
		<defaultID />
		<label>Séries TV Collection[CR]Sort by: Rank</label>
		<label2>Extensions Vidéo</label2>
		<icon>DefaultShortcut.png</icon>
		<thumb>image://D%3a%5cessais%202%20kodi%20auramod%5cKodi%5cportable_data%5caddons%5cplugin.video.themoviedb.helper%5c%2fresources%2fposter.png/</thumb>
		<action>ActivateWindow(Videos,"plugin://plugin.video.themoviedb.helper/?tmdb_type=tv&amp;list_name=S%C3%A9ries+TV+Collection&amp;info=trakt_collection&amp;sort_by=rank&amp;sort_how=asc&amp;widget=true",return)</action>
		</shortcut>
	<shortcut>
		<defaultID />
		<label>Most Played Séries TV</label>
		<label2>Extensions Vidéo</label2>
		<icon>DefaultShortcut.png</icon>
		<thumb>image://D%3a%5cessais%202%20kodi%20auramod%5cKodi%5cportable_data%5caddons%5cplugin.video.themoviedb.helper%5c%2fresources%2ficons%2ftrakt%2fmostplayed.png/</thumb>
		<action>ActivateWindow(Videos,"plugin://plugin.video.themoviedb.helper/?info=trakt_mostplayed&amp;tmdb_type=tv&amp;widget=true",return)</action>
		</shortcut>
	<shortcut>
		<defaultID />
		<label>Séries TV Watchlist[CR]Sort by: Rank</label>
		<label2>Extensions Vidéo</label2>
		<icon>DefaultShortcut.png</icon>
		<thumb>image://D%3a%5cessais%202%20kodi%20auramod%5cKodi%5cportable_data%5caddons%5cplugin.video.themoviedb.helper%5c%2fresources%2fposter.png/</thumb>
		<action>ActivateWindow(Videos,"plugin://plugin.video.themoviedb.helper/?tmdb_type=tv&amp;list_name=S%C3%A9ries+TV+Watchlist&amp;info=trakt_watchlist&amp;sort_by=rank&amp;sort_how=asc&amp;widget=true",return)</action>
		</shortcut>
	</shortcuts>
