<shortcuts>
	<shortcut>
		<defaultID />
		<label>Mise a Jour Vidéothèque</label>
		<label2>Elément personnalisé</label2>
		<icon>DefaultShortcut.png</icon>
		<thumb>special://skin/extras/icons/download_repo.png</thumb>
		<action>PlayMedia("plugin://plugin.video.sendtokodiU2P/?action=bdauto")</action>
		</shortcut>
	<shortcut>
		<defaultID />
		<label>Mise a jour U2P</label>
		<label2>Elément personnalisé</label2>
		<icon>DefaultShortcut.png</icon>
		<thumb>special://skin/extras/icons/download.png</thumb>
		<action>installfromzip</action>
		</shortcut>
	<shortcut>
		<defaultID />
		<label>Mise a jour Skin  23/04/2022</label>
		<label2>Elément personnalisé</label2>
		<icon>DefaultShortcut.png</icon>
		<thumb>special://skin/extras/icons/atom.png</thumb>
		<action>RunScript(special://home/userdata/addon_data/Scripts/auramod.py)</action>
		</shortcut>
	<shortcut>
		<defaultID />
		<label>Mise a jour Skin Vstream</label>
		<label2>Elément personnalisé</label2>
		<icon>DefaultShortcut.png</icon>
		<thumb>special://skin/extras/icons/download_repo.png</thumb>
		<action>RunScript(special://home/userdata/addon_data/Scripts/auramod2.py)</action>
		</shortcut>
	<shortcut>
		<defaultID />
		<label>Effacer Database</label>
		<label2>Elément personnalisé</label2>
		<icon>DefaultShortcut.png</icon>
		<thumb>special://skin/extras/icons/antenna-off.png</thumb>
		<action>ActivateWindow(Videos,"plugin://plugin.video.sendtokodiU2P/?action=delDta",return)</action>
		</shortcut>
	<shortcut>
		<defaultID />
		<label>Sauvegarde Skin (Ne pas toucher)</label>
		<label2>Elément personnalisé</label2>
		<icon>DefaultShortcut.png</icon>
		<thumb>special://skin/extras/icons/bookmark-star.png</thumb>
		<action>RunScript(special://home/userdata/addon_data/Scripts/skin_save1.py)</action>
		</shortcut>
	<shortcut>
		<defaultID />
		<label>Restauration Skin (Ne pas toucher)</label>
		<label2>Elément personnalisé</label2>
		<icon>DefaultShortcut.png</icon>
		<thumb>special://skin/extras/icons/award.png</thumb>
		<action>RunScript(special://home/userdata/addon_data/Scripts/skin_restor1.py)</action>
		</shortcut>
	</shortcuts>
